{"deepset/roberta-base-squad2": {"precision": 0.8856741893291473, "recall": 0.8375283086299896, "f1": 0.8607099652290344}}