{"deepset/roberta-base-squad2": {"precision": 0.8427937853336335, "recall": 0.8229270207881928, "f1": 0.832462546825409}}