{"deepset/roberta-base-squad2": {"precision": 0.8654970598220825, "recall": 0.8172904169559478, "f1": 0.8404980170726776}}