{
    "FAISS": {
        "1": {
            "search_time": 0.43308019161224365
        },
        "3": {
            "search_time": 0.4432159614562988
        },
        "4": {
            "search_time": 0.3350543165206909
        },
        "5": {
            "search_time": 0.031301078796386717
        },
        "10": {
            "search_time": 0.032332940101623533
        }
    },
    "Chroma": {
        "1": {
            "search_time": 0.03376761436462403
        },
        "3": {
            "search_time": 0.030481915473937988
        },
        "4": {
            "search_time": 0.03229743957519531
        },
        "5": {
            "search_time": 0.03432305335998535
        },
        "10": {
            "search_time": 0.03406587600708008
        }
    }
}