{
    "FAISS": {
        "load_time": 6.577420949935913,
        "search_time": 0.032788600921630856
    },
    "Chroma": {
        "load_time": 6.823269367218018,
        "search_time": 0.03295825958251953
    }
}