{"Chroma": {"1": 0.6119937896728516, "3": 0.35173511505126953, "5": 0.3583645820617676, "10": 0.36636996269226074}, "FAISS": {"1": 0.7353599071502686, "3": 0.3663341999053955, "5": 0.36374378204345703, "10": 0.36263179779052734}, "LanceDB": {}}