{
    "precision": [
        0.8236439228057861,
        0.8327963352203369,
        0.8223692178726196,
        0.8301843404769897,
        0.841476559638977,
        0.8238339424133301,
        0.8075988292694092,
        0.8190867900848389,
        0.8466354608535767,
        0.8497025966644287,
        0.8244911432266235,
        0.8531634211540222,
        0.822155237197876,
        0.8318749666213989,
        0.846117377281189,
        0.8688696622848511
    ],
    "recall": [
        0.8859804272651672,
        0.903898298740387,
        0.8728350400924683,
        0.888029158115387,
        0.8862035274505615,
        0.8452895283699036,
        0.9055094122886658,
        0.8734986782073975,
        0.8664698004722595,
        0.9186288118362427,
        0.8891364932060242,
        0.9120842814445496,
        0.8270028829574585,
        0.8426488637924194,
        0.9108619689941406,
        0.9340274333953857
    ],
    "f1": [
        0.8536757230758667,
        0.8668918609619141,
        0.8468509912490845,
        0.8581330180168152,
        0.8632611036300659,
        0.8344238996505737,
        0.8537560701370239,
        0.8454180955886841,
        0.8564378023147583,
        0.8828223943710327,
        0.8555945158004761,
        0.8816404938697815,
        0.8245719075202942,
        0.8372272849082947,
        0.8772968053817749,
        0.9002711176872253
    ],
    "hashcode": "roberta-large_L17_no-idf_version=0.3.12(hug_trans=4.48.3)"
}