{"deepset/roberta-base-squad2": {"precision": 0.8856741893291473, "recall": 0.8375283086299896, "f1": 0.8607099652290344}, "distilbert-base-cased-distilled-squad": {"precision": 0.8805329841375351, "recall": 0.8340190595388413, "f1": 0.8564327305555344}, "distilbert/distilbert-base-uncased-distilled-squad": {"precision": 0.8812132930755615, "recall": 0.8343493715922038, "f1": 0.8569174404939016}, "deepset/bert-large-uncased-whole-word-masking-squad2": {"precision": 0.8809589579701423, "recall": 0.8339013627171517, "f1": 0.8565565866231918}, "google-bert/bert-large-uncased-whole-word-masking-finetuned-squad": {"precision": 0.88174245429039, "recall": 0.8348985223770141, "f1": 0.857439836025238}}