{"Falconsai/text_summarization": {"rouge1": 0.3781818181818181, "rouge2": 0.1098901098901099, "rougeL": 0.24, "rougeLsum": 0.29818181818181816}, "google-t5/t5-small": {"rouge1": 0.3820224719101123, "rouge2": 0.0830188679245283, "rougeL": 0.23970037453183518, "rougeLsum": 0.32958801498127344}, "google/pegasus-xsum": null, "T-Systems-onsite/mt5-small-sum-de-en-v2": null, "csebuetnlp/mT5_multilingual_XLSum": null}