{
    "NLTKTextSplitter": {
        "100-0.1": {
            "time": 0.09643840789794922,
            "n_chunks": 359
        },
        "100-0.2": {
            "time": 0.029308795928955078,
            "n_chunks": 359
        },
        "100-0.3": {
            "time": 0.06338381767272949,
            "n_chunks": 360
        },
        "100-0.4": {
            "time": 0.047421932220458984,
            "n_chunks": 361
        },
        "100-0.5": {
            "time": 0.05022120475769043,
            "n_chunks": 365
        },
        "200-0.1": {
            "time": 0.013004541397094727,
            "n_chunks": 258
        },
        "200-0.2": {
            "time": 0.03130841255187988,
            "n_chunks": 261
        },
        "200-0.3": {
            "time": 0.015686988830566406,
            "n_chunks": 265
        },
        "200-0.4": {
            "time": 0.03287839889526367,
            "n_chunks": 268
        },
        "200-0.5": {
            "time": 0.0158233642578125,
            "n_chunks": 279
        },
        "400-0.1": {
            "time": 0.015719175338745117,
            "n_chunks": 124
        },
        "400-0.2": {
            "time": 0.015796184539794922,
            "n_chunks": 133
        },
        "400-0.3": {
            "time": 0.015079259872436523,
            "n_chunks": 145
        },
        "400-0.4": {
            "time": 0.015633106231689453,
            "n_chunks": 162
        },
        "400-0.5": {
            "time": 0.022208690643310547,
            "n_chunks": 186
        },
        "500-0.1": {
            "time": 0.009655475616455078,
            "n_chunks": 97
        },
        "500-0.2": {
            "time": 0.015707969665527344,
            "n_chunks": 104
        },
        "500-0.3": {
            "time": 0.016608715057373047,
            "n_chunks": 118
        },
        "500-0.4": {
            "time": 0.015007972717285156,
            "n_chunks": 137
        },
        "500-0.5": {
            "time": 0.016380786895751953,
            "n_chunks": 162
        },
        "1000-0.1": {
            "time": 0.015626907348632812,
            "n_chunks": 47
        },
        "1000-0.2": {
            "time": 0.015512228012084961,
            "n_chunks": 52
        },
        "1000-0.3": {
            "time": 0.01571178436279297,
            "n_chunks": 60
        },
        "1000-0.4": {
            "time": 0.015622138977050781,
            "n_chunks": 68
        },
        "1000-0.5": {
            "time": 0.01693439483642578,
            "n_chunks": 82
        }
    },
    "SemanticChunker": {
        "100-0.1": {
            "time": 5.092197895050049,
            "n_chunks": 1
        },
        "100-0.2": {
            "time": 4.905287027359009,
            "n_chunks": 1
        },
        "100-0.3": {
            "time": 4.832137823104858,
            "n_chunks": 1
        },
        "100-0.4": {
            "time": 4.861570835113525,
            "n_chunks": 1
        },
        "100-0.5": {
            "time": 4.861117839813232,
            "n_chunks": 1
        },
        "200-0.1": {
            "time": 4.888023614883423,
            "n_chunks": 1
        },
        "200-0.2": {
            "time": 4.8899760246276855,
            "n_chunks": 1
        },
        "200-0.3": {
            "time": 4.899627685546875,
            "n_chunks": 1
        },
        "200-0.4": {
            "time": 4.8518898487091064,
            "n_chunks": 1
        },
        "200-0.5": {
            "time": 4.892705917358398,
            "n_chunks": 1
        },
        "400-0.1": {
            "time": 4.8868958950042725,
            "n_chunks": 1
        },
        "400-0.2": {
            "time": 4.772272109985352,
            "n_chunks": 1
        },
        "400-0.3": {
            "time": 4.831689119338989,
            "n_chunks": 1
        },
        "400-0.4": {
            "time": 4.894559383392334,
            "n_chunks": 1
        },
        "400-0.5": {
            "time": 4.880436658859253,
            "n_chunks": 1
        },
        "500-0.1": {
            "time": 4.907452821731567,
            "n_chunks": 1
        },
        "500-0.2": {
            "time": 4.999956130981445,
            "n_chunks": 1
        },
        "500-0.3": {
            "time": 10.263603687286377,
            "n_chunks": 1
        },
        "500-0.4": {
            "time": 3.860807180404663,
            "n_chunks": 1
        },
        "500-0.5": {
            "time": 4.712425231933594,
            "n_chunks": 1
        },
        "1000-0.1": {
            "time": 4.889006614685059,
            "n_chunks": 1
        },
        "1000-0.2": {
            "time": 4.852753639221191,
            "n_chunks": 1
        },
        "1000-0.3": {
            "time": 4.891208171844482,
            "n_chunks": 1
        },
        "1000-0.4": {
            "time": 4.901992559432983,
            "n_chunks": 1
        },
        "1000-0.5": {
            "time": 4.911164045333862,
            "n_chunks": 1
        }
    },
    "SDPMChunker": {
        "100-0.1": {
            "time": 4.923918008804321,
            "n_chunks": 1
        },
        "100-0.2": {
            "time": 4.9016077518463135,
            "n_chunks": 1
        },
        "100-0.3": {
            "time": 4.846996068954468,
            "n_chunks": 1
        },
        "100-0.4": {
            "time": 4.824368476867676,
            "n_chunks": 1
        },
        "100-0.5": {
            "time": 4.9453041553497314,
            "n_chunks": 1
        },
        "200-0.1": {
            "time": 4.924405813217163,
            "n_chunks": 1
        },
        "200-0.2": {
            "time": 4.905217885971069,
            "n_chunks": 1
        },
        "200-0.3": {
            "time": 4.9870758056640625,
            "n_chunks": 1
        },
        "200-0.4": {
            "time": 10.275308847427368,
            "n_chunks": 1
        },
        "200-0.5": {
            "time": 4.7728142738342285,
            "n_chunks": 1
        },
        "400-0.1": {
            "time": 4.884434223175049,
            "n_chunks": 1
        },
        "400-0.2": {
            "time": 4.880488634109497,
            "n_chunks": 1
        },
        "400-0.3": {
            "time": 4.907433748245239,
            "n_chunks": 1
        },
        "400-0.4": {
            "time": 4.943480730056763,
            "n_chunks": 1
        },
        "400-0.5": {
            "time": 4.91868257522583,
            "n_chunks": 1
        },
        "500-0.1": {
            "time": 4.935608863830566,
            "n_chunks": 1
        },
        "500-0.2": {
            "time": 4.739415407180786,
            "n_chunks": 1
        },
        "500-0.3": {
            "time": 4.906461715698242,
            "n_chunks": 1
        },
        "500-0.4": {
            "time": 4.920668363571167,
            "n_chunks": 1
        },
        "500-0.5": {
            "time": 4.873265504837036,
            "n_chunks": 1
        },
        "1000-0.1": {
            "time": 4.924840450286865,
            "n_chunks": 1
        },
        "1000-0.2": {
            "time": 4.887809991836548,
            "n_chunks": 1
        },
        "1000-0.3": {
            "time": 4.943498849868774,
            "n_chunks": 1
        },
        "1000-0.4": {
            "time": 4.921269655227661,
            "n_chunks": 1
        },
        "1000-0.5": {
            "time": 4.957182168960571,
            "n_chunks": 1
        }
    },
    "LateChunker": {
        "100-0.1": {
            "time": 1.6585092544555664,
            "n_chunks": 1
        },
        "100-0.2": {
            "time": 1.6227245330810547,
            "n_chunks": 1
        },
        "100-0.3": {
            "time": 1.6423933506011963,
            "n_chunks": 1
        },
        "100-0.4": {
            "time": 1.6648485660552979,
            "n_chunks": 1
        },
        "100-0.5": {
            "time": 1.6656112670898438,